Distance,Depth,15/06/2015 16:35,15/06/2015 16:37,15/06/2015 16:39,15/06/2015 16:41,15/06/2015 16:43,15/06/2015 16:45,15/06/2015 16:47,15/06/2015 16:49,15/06/2015 16:52,15/06/2015 16:54,15/06/2015 16:56,15/06/2015 16:58,15/06/2015 17:00,15/06/2015 17:02,15/06/2015 17:04,15/06/2015 17:06,15/06/2015 17:08,15/06/2015 17:10,15/06/2015 17:12,15/06/2015 17:14,15/06/2015 17:16,15/06/2015 17:18,15/06/2015 17:20,15/06/2015 17:23,15/06/2015 17:25,15/06/2015 17:27,15/06/2015 17:29
42.325,0,15.504,15.817,15.785,15.758,15.671,15.569,15.583,15.482,15.556,15.749,15.727,15.783,15.54,15.793,15.83,15.893,15.696,15.908,15.862,15.904,15.852,15.789,15.643,15.73,15.719,15.639,15.699
42.579,0.004044586,15.38,15.577,15.498,15.582,15.404,15.53,15.425,15.349,15.52,15.528,15.504,15.599,15.412,15.482,15.455,15.598,15.426,15.522,15.616,15.489,15.521,15.577,15.36,15.558,15.623,15.393,15.526
42.833,0.008089172,15.514,15.632,15.485,15.542,15.429,15.469,15.358,15.345,15.484,15.428,15.552,15.592,15.428,15.504,15.51,15.685,15.483,15.407,15.521,15.547,15.537,15.549,15.364,15.611,15.507,15.377,15.57
43.087,0.012133758,15.387,15.505,15.507,15.387,15.451,15.417,15.41,15.419,15.399,15.455,15.416,15.572,15.42,15.563,15.603,15.672,15.48,15.473,15.556,15.535,15.498,15.584,15.311,15.494,15.599,15.449,15.641
43.341,0.016178344,15.365,15.442,15.451,15.329,15.458,15.514,15.441,15.49,15.331,15.398,15.417,15.531,15.39,15.453,15.468,15.518,15.446,15.491,15.48,15.444,15.441,15.499,15.423,15.526,15.615,15.395,15.622
43.595,0.02022293,15.385,15.367,15.435,15.51,15.434,15.436,15.47,15.531,15.419,15.431,15.472,15.466,15.347,15.466,15.463,15.558,15.394,15.574,15.435,15.549,15.469,15.442,15.481,15.42,15.64,15.458,15.522
43.849,0.024267516,15.439,15.405,15.505,15.641,15.43,15.401,15.442,15.462,15.44,15.529,15.515,15.459,15.385,15.449,15.554,15.553,15.445,15.609,15.494,15.657,15.45,15.5,15.497,15.437,15.562,15.556,15.56
44.103,0.028312102,15.423,15.445,15.449,15.606,15.495,15.342,15.452,15.428,15.293,15.463,15.57,15.442,15.434,15.431,15.607,15.527,15.554,15.566,15.626,15.602,15.539,15.501,15.544,15.431,15.521,15.619,15.563
44.357,0.032356688,15.435,15.507,15.452,15.621,15.548,15.249,15.431,15.467,15.258,15.576,15.582,15.467,15.549,15.445,15.591,15.544,15.488,15.584,15.662,15.572,15.605,15.715,15.56,15.395,15.666,15.559,15.587
44.611,0.036401274,15.478,15.531,15.572,15.578,15.5,15.381,15.427,15.541,15.435,15.575,15.601,15.56,15.646,15.577,15.557,15.526,15.427,15.557,15.69,15.658,15.494,15.68,15.603,15.411,15.626,15.546,15.589
44.865,0.04044586,15.501,15.575,15.593,15.51,15.559,15.459,15.481,15.543,15.553,15.523,15.565,15.442,15.563,15.603,15.538,15.51,15.543,15.592,15.641,15.675,15.507,15.603,15.552,15.541,15.612,15.557,15.646
45.119,0.044490446,15.526,15.687,15.517,15.512,15.505,15.452,15.384,15.438,15.479,15.54,15.496,15.43,15.575,15.539,15.559,15.493,15.609,15.558,15.678,15.642,15.569,15.629,15.475,15.577,15.684,15.512,15.626
45.373,0.048535032,15.546,15.643,15.541,15.518,15.461,15.477,15.449,15.427,15.444,15.513,15.525,15.521,15.536,15.578,15.608,15.624,15.559,15.399,15.583,15.591,15.501,15.555,15.413,15.527,15.727,15.435,15.58
45.627,0.052579618,15.427,15.613,15.436,15.466,15.591,15.469,15.432,15.501,15.43,15.552,15.529,15.55,15.408,15.59,15.583,15.664,15.478,15.497,15.537,15.542,15.487,15.617,15.463,15.439,15.595,15.455,15.623
45.881,0.056624204,15.416,15.519,15.46,15.499,15.647,15.48,15.527,15.418,15.46,15.574,15.522,15.575,15.41,15.601,15.644,15.506,15.536,15.627,15.502,15.57,15.583,15.552,15.526,15.411,15.564,15.493,15.595
46.135,0.06066879,15.464,15.441,15.488,15.564,15.654,15.417,15.468,15.385,15.477,15.481,15.546,15.526,15.517,15.611,15.694,15.431,15.587,15.641,15.467,15.53,15.626,15.586,15.526,15.456,15.507,15.557,15.579
46.389,0.064713376,15.513,15.51,15.547,15.596,15.543,15.49,15.453,15.415,15.517,15.418,15.532,15.473,15.628,15.616,15.685,15.586,15.575,15.706,15.612,15.645,15.673,15.642,15.545,15.588,15.624,15.639,15.581
46.643,0.068757962,15.527,15.509,15.551,15.588,15.501,15.529,15.491,15.451,15.416,15.476,15.482,15.579,15.603,15.565,15.677,15.655,15.498,15.548,15.73,15.639,15.604,15.587,15.64,15.68,15.629,15.667,15.643
46.897,0.072802548,15.411,15.505,15.604,15.699,15.578,15.617,15.394,15.572,15.425,15.498,15.553,15.629,15.571,15.599,15.73,15.8,15.504,15.498,15.734,15.682,15.585,15.741,15.705,15.635,15.623,15.684,15.671
47.151,0.076847134,15.446,15.489,15.642,15.577,15.639,15.562,15.419,15.559,15.441,15.519,15.588,15.495,15.524,15.526,15.724,15.793,15.538,15.518,15.646,15.544,15.643,15.706,15.58,15.616,15.633,15.673,15.61
47.405,0.08089172,15.455,15.462,15.55,15.474,15.601,15.471,15.433,15.394,15.436,15.578,15.539,15.498,15.499,15.526,15.647,15.67,15.558,15.494,15.639,15.519,15.651,15.615,15.445,15.589,15.641,15.748,15.567
47.659,0.084936306,15.48,15.399,15.394,15.444,15.474,15.439,15.534,15.358,15.476,15.616,15.438,15.455,15.491,15.449,15.552,15.6,15.529,15.456,15.599,15.536,15.614,15.654,15.475,15.534,15.653,15.524,15.635
47.913,0.088980892,15.466,15.49,15.349,15.458,15.563,15.445,15.525,15.347,15.451,15.49,15.469,15.441,15.456,15.452,15.477,15.49,15.602,15.458,15.581,15.433,15.464,15.554,15.496,15.54,15.61,15.539,15.586
48.167,0.093025478,15.398,15.451,15.387,15.471,15.635,15.474,15.568,15.519,15.418,15.465,15.423,15.397,15.431,15.48,15.469,15.474,15.561,15.509,15.536,15.523,15.424,15.579,15.434,15.545,15.662,15.541,15.578
48.421,0.097070064,15.535,15.365,15.428,15.463,15.543,15.375,15.607,15.591,15.424,15.534,15.575,15.516,15.523,15.543,15.564,15.482,15.545,15.706,15.63,15.568,15.517,15.549,15.532,15.632,15.607,15.565,15.568
48.675,0.10111465,15.512,15.447,15.521,15.495,15.536,15.347,15.382,15.528,15.403,15.48,15.506,15.549,15.567,15.49,15.689,15.467,15.475,15.657,15.701,15.542,15.639,15.475,15.552,15.663,15.43,15.627,15.576
48.929,0.105159236,15.547,15.526,15.584,15.452,15.598,15.425,15.353,15.533,15.497,15.537,15.518,15.564,15.612,15.529,15.827,15.503,15.574,15.68,15.683,15.495,15.616,15.556,15.587,15.673,15.374,15.605,15.819
49.183,0.109203822,15.438,15.458,15.625,15.381,15.535,15.323,15.383,15.426,15.505,15.523,15.455,15.513,15.616,15.457,15.751,15.571,15.573,15.656,15.56,15.522,15.529,15.666,15.611,15.629,15.475,15.617,15.829
49.437,0.113248408,15.382,15.437,15.571,15.516,15.375,15.357,15.33,15.322,15.438,15.523,15.461,15.485,15.496,15.476,15.577,15.544,15.501,15.589,15.567,15.48,15.493,15.606,15.569,15.54,15.591,15.558,15.783
49.691,0.117292994,15.469,15.412,15.445,15.489,15.412,15.376,15.366,15.356,15.305,15.481,15.466,15.48,15.456,15.482,15.585,15.445,15.492,15.508,15.588,15.435,15.496,15.479,15.568,15.534,15.544,15.535,15.624
49.945,0.12133758,15.495,15.47,15.412,15.518,15.509,15.403,15.371,15.395,15.269,15.443,15.42,15.45,15.369,15.524,15.55,15.511,15.442,15.343,15.554,15.527,15.522,15.53,15.551,15.502,15.502,15.5,15.525
50.199,0.125382166,15.436,15.52,15.267,15.433,15.397,15.368,15.312,15.343,15.261,15.436,15.47,15.518,15.323,15.509,15.56,15.361,15.27,15.246,15.389,15.497,15.425,15.472,15.445,15.475,15.53,15.438,15.544
50.453,0.129426752,15.417,15.388,15.206,15.357,15.395,15.37,15.277,15.188,15.239,15.343,15.436,15.447,15.392,15.49,15.555,15.262,15.189,15.321,15.308,15.407,15.328,15.382,15.325,15.431,15.372,15.495,15.45
50.707,0.133471338,15.403,15.32,15.24,15.341,15.4,15.344,15.222,15.231,15.145,15.278,15.364,15.378,15.294,15.417,15.43,15.341,15.269,15.289,15.202,15.445,15.254,15.491,15.266,15.367,15.342,15.432,15.321
50.961,0.137515924,15.336,15.202,15.25,15.297,15.265,15.369,15.223,15.288,15.076,15.337,15.465,15.415,15.304,15.429,15.396,15.359,15.226,15.323,15.358,15.513,15.304,15.36,15.26,15.283,15.3,15.373,15.31
51.215,0.14156051,15.16,15.046,15.142,15.166,15.264,15.257,15.077,15.13,15.065,15.35,15.298,15.35,15.229,15.366,15.337,15.347,15.176,15.366,15.452,15.381,15.338,15.215,15.217,15.356,15.313,15.313,15.325
51.469,0.145605096,15.138,15.105,15.067,15.064,15.284,15.191,15.06,15.104,15.153,15.221,15.154,15.273,15.163,15.226,15.202,15.443,15.281,15.364,15.301,15.37,15.363,15.266,15.245,15.38,15.348,15.195,15.343
51.723,0.149649682,15.111,15.221,15.159,15.117,15.241,15.219,15.053,15.224,15.227,15.234,15.148,15.169,15.116,15.245,15.271,15.36,15.286,15.313,15.252,15.31,15.405,15.334,15.221,15.325,15.312,15.168,15.317
51.977,0.153694268,15.166,15.212,15.192,15.13,15.199,15.14,14.992,15.17,15.207,15.132,15.204,15.241,15.113,15.166,15.334,15.265,15.206,15.288,15.336,15.284,15.321,15.357,15.258,15.384,15.277,15.177,15.278
52.231,0.157738854,15.094,15.064,15.118,15.111,15.076,15.022,14.999,15.092,15.09,14.99,15.174,15.223,15.114,15.079,15.276,15.241,15.13,15.21,15.232,15.261,15.183,15.255,15.178,15.265,15.183,15.26,15.305
52.485,0.161783439,15.044,15.046,15.026,14.936,15.002,15.023,14.943,15.055,14.967,14.997,15.161,15.125,15.065,15.08,15.097,15.166,15.142,15.146,15.107,15.142,15.132,15.165,15.166,15.224,14.997,15.27,15.25
52.739,0.165828025,14.888,14.976,14.898,14.845,14.817,15.022,14.847,14.902,14.847,14.898,15.012,15.029,15.019,14.948,15.153,14.995,15.025,15.071,15.013,15.046,14.946,15.023,15.016,15.045,14.948,15.084,14.958
52.993,0.169872611,14.827,14.834,14.768,14.757,14.86,14.979,14.785,14.873,14.736,14.921,14.953,14.902,14.945,14.87,15.025,14.912,14.862,14.961,14.981,14.871,14.912,14.962,14.988,14.868,14.977,14.945,14.734
53.247,0.173917197,14.892,14.802,14.752,14.797,14.861,14.819,14.742,14.796,14.716,14.878,14.908,14.824,14.807,14.837,14.92,14.753,14.797,14.846,14.912,14.703,14.879,14.878,14.874,14.759,14.873,14.745,14.691
53.501,0.177961783,14.784,14.789,14.74,14.784,14.7,14.69,14.684,14.763,14.734,14.837,14.815,14.747,14.815,14.944,14.889,14.785,14.818,14.813,14.755,14.772,14.829,14.706,14.705,14.786,14.871,14.63,14.813
53.755,0.182006369,14.471,14.627,14.589,14.607,14.592,14.593,14.599,14.646,14.699,14.751,14.822,14.753,14.737,14.866,14.795,14.736,14.753,14.831,14.761,14.769,14.761,14.561,14.847,14.854,14.849,14.676,14.81
54.009,0.186050955,14.385,14.514,14.454,14.617,14.531,14.605,14.616,14.574,14.586,14.726,14.668,14.664,14.772,14.755,14.805,14.645,14.646,14.796,14.776,14.717,14.617,14.653,14.817,14.847,14.789,14.694,14.689
54.263,0.190095541,14.346,14.567,14.385,14.682,14.524,14.624,14.564,14.583,14.508,14.571,14.46,14.545,14.701,14.697,14.64,14.624,14.584,14.613,14.672,14.722,14.535,14.698,14.64,14.756,14.659,14.587,14.637
54.517,0.194140127,14.295,14.592,14.538,14.527,14.593,14.503,14.446,14.469,14.379,14.538,14.464,14.537,14.532,14.684,14.501,14.586,14.571,14.651,14.63,14.693,14.647,14.706,14.594,14.663,14.537,14.588,14.656
54.771,0.198184713,14.258,14.493,14.408,14.483,14.525,14.539,14.303,14.463,14.357,14.557,14.473,14.552,14.552,14.586,14.493,14.601,14.591,14.611,14.62,14.589,14.619,14.626,14.548,14.762,14.605,14.572,14.752
55.025,0.202229299,14.302,14.442,14.324,14.437,14.422,14.441,14.307,14.38,14.518,14.427,14.48,14.505,14.61,14.469,14.497,14.599,14.502,14.59,14.526,14.564,14.534,14.622,14.557,14.62,14.571,14.59,14.63
55.279,0.206273885,14.387,14.35,14.376,14.435,14.3,14.36,14.215,14.322,14.301,14.323,14.447,14.396,14.454,14.377,14.489,14.513,14.411,14.485,14.455,14.481,14.478,14.633,14.42,14.467,14.517,14.499,14.461
55.533,0.210318471,14.311,14.342,14.276,14.309,14.211,14.293,14.278,14.373,14.231,14.264,14.413,14.307,14.363,14.286,14.503,14.402,14.383,14.369,14.405,14.377,14.485,14.525,14.228,14.546,14.511,14.395,14.271
55.787,0.214363057,14.233,14.321,14.149,14.221,14.11,14.285,14.229,14.293,14.26,14.179,14.285,14.277,14.325,14.301,14.449,14.322,14.362,14.3,14.397,14.236,14.321,14.384,14.295,14.397,14.36,14.277,14.204
56.041,0.218407643,14.169,14.328,14.028,14.248,14.099,14.252,14.21,14.192,14.147,14.156,14.215,14.242,14.25,14.264,14.248,14.284,14.218,14.182,14.256,14.133,14.291,14.282,14.276,14.387,14.309,14.257,14.19
56.295,0.222452229,14.156,14.219,13.996,14.261,14.089,14.075,14.06,14.115,13.999,14.13,14.111,14.231,14.221,14.127,14.178,14.226,14.246,14.183,14.283,14.252,14.315,14.284,14.255,14.34,14.323,14.281,14.161
56.549,0.226496815,14.123,14.066,13.958,14.253,14.108,14.031,13.954,14.109,13.941,14.03,14.115,14.106,14.156,14.106,14.159,14.169,14.18,14.166,14.179,14.251,14.316,14.287,14.246,14.249,14.348,14.123,14.218
56.803,0.230541401,14.118,13.952,14.017,14.076,14.188,14.04,13.985,14.032,13.944,13.925,14.118,14.062,14.129,14.13,14.144,14.132,14.062,14.198,14.171,14.297,14.229,14.178,14.091,14.093,14.126,14.123,14.208
57.057,0.234585987,14.041,14.019,14.172,14.057,14.025,14.041,14.038,14.005,13.982,14.021,14.151,14.103,14.159,14.142,14.127,14.083,14.084,14.176,14.167,14.203,14.148,14.2,14.063,14.137,14.179,14.197,14.188
57.311,0.238630573,14.039,13.943,14.185,14.189,13.867,14.098,14.019,14.011,14.065,14.071,14.154,14.181,14.078,14.076,14.144,14.146,14.005,14.084,14.093,14.207,14.076,14.116,13.996,14.248,14.234,14.185,14.09
57.565,0.242675159,14.179,13.938,13.949,14.064,13.931,14.018,14.031,14.101,13.927,14.084,14.05,14.219,14.075,14.071,14.066,14.101,13.964,14.08,14.252,14.147,13.953,13.995,13.933,14.179,14.173,14.059,14.137
57.819,0.246719745,14.084,13.928,13.902,13.935,13.935,13.984,14.048,13.991,13.849,13.962,13.92,13.975,14.007,13.94,14.068,14.08,14.105,13.934,14.195,14.029,14.044,13.901,13.997,14.071,14.086,14.014,14.168
58.073,0.250764331,13.878,13.943,13.885,13.967,13.829,13.974,13.996,13.895,13.847,13.925,13.954,13.859,13.942,13.875,14.019,14.091,14.116,13.929,14.121,13.919,14.213,13.824,13.936,13.927,14.057,13.94,14
58.327,0.254808917,13.844,13.999,13.815,13.968,13.875,14.036,14.009,13.907,13.967,13.941,13.986,13.937,13.922,13.915,14.001,14.038,13.957,13.993,14.042,13.883,14.095,13.829,13.882,13.942,14.028,13.858,13.9
58.581,0.258853503,13.862,13.961,13.899,13.98,13.951,13.879,13.97,13.885,13.942,13.987,13.887,13.96,13.874,13.95,14.029,14.013,13.936,13.998,13.914,13.915,13.998,13.935,13.855,13.934,13.966,13.951,13.974
58.835,0.262898089,13.835,13.924,13.927,13.885,13.898,13.841,13.841,13.831,13.866,13.899,13.889,13.937,13.829,13.888,13.959,14.004,13.976,14.013,13.934,13.887,13.866,13.945,13.858,13.977,13.967,14.028,13.893
59.089,0.266942675,13.863,13.885,13.892,13.933,13.908,13.866,13.809,13.786,13.871,13.758,13.938,13.866,13.835,13.928,13.926,14.01,13.994,13.995,13.954,13.821,13.904,13.898,13.927,14.067,13.932,13.935,13.825
59.343,0.270987261,13.871,13.807,13.887,13.889,13.976,13.869,13.851,13.738,13.825,13.762,13.864,13.84,13.835,13.937,14.017,13.94,13.904,14.013,13.939,13.861,13.947,14.006,13.894,13.941,13.872,13.854,13.866
59.597,0.275031847,13.848,13.795,13.907,13.795,13.896,13.833,13.935,13.757,13.714,13.792,13.856,13.914,13.894,13.859,13.985,13.968,13.879,14.131,14.031,13.939,13.96,14.054,13.949,13.911,13.905,13.88,13.968
59.851,0.279076433,13.801,13.718,13.847,13.822,13.842,13.734,13.89,13.764,13.688,13.832,13.835,13.981,13.902,13.827,13.897,13.904,13.777,14.042,14.008,13.891,13.778,14.032,14.012,13.909,13.958,13.944,13.967
60.105,0.283121019,13.776,13.715,13.822,13.822,13.816,13.745,13.741,13.737,13.678,13.73,13.755,13.912,13.857,13.833,13.885,13.855,13.667,13.901,13.908,13.711,13.733,13.928,13.879,13.925,13.934,13.952,13.957
60.359,0.287165605,13.741,13.794,13.813,13.731,13.912,13.748,13.609,13.822,13.677,13.799,13.795,13.918,13.831,13.784,13.819,13.772,13.804,13.881,13.861,13.757,13.789,13.875,13.839,13.94,13.848,13.965,13.878
60.613,0.291210191,13.738,13.789,13.762,13.762,13.846,13.731,13.683,13.788,13.647,13.761,13.869,13.88,13.889,13.798,13.781,13.831,13.873,13.794,13.913,13.918,13.683,13.767,13.672,13.873,13.788,13.912,13.924
60.867,0.295254777,13.875,13.706,13.648,13.726,13.818,13.706,13.866,13.786,13.655,13.658,13.77,13.782,13.79,13.812,13.681,13.923,13.822,13.712,13.855,13.815,13.765,13.614,13.721,13.825,13.768,13.852,13.868
61.121,0.299299363,13.781,13.748,13.597,13.683,13.554,13.621,13.866,13.777,13.652,13.736,13.659,13.559,13.673,13.769,13.668,13.838,13.753,13.774,13.768,13.763,13.793,13.693,13.795,13.768,13.845,13.745,13.741
61.375,0.303343949,13.609,13.753,13.755,13.735,13.499,13.627,13.768,13.622,13.623,13.673,13.717,13.655,13.647,13.598,13.752,13.712,13.649,13.747,13.848,13.747,13.775,13.747,13.707,13.811,13.801,13.64,13.778
61.629,0.307388535,13.534,13.655,13.744,13.758,13.576,13.689,13.687,13.58,13.555,13.666,13.697,13.799,13.659,13.586,13.735,13.721,13.628,13.637,13.858,13.786,13.733,13.747,13.693,13.795,13.707,13.654,13.822
61.883,0.311433121,13.563,13.715,13.671,13.825,13.542,13.717,13.625,13.643,13.578,13.687,13.63,13.747,13.688,13.743,13.797,13.805,13.618,13.626,13.81,13.704,13.783,13.723,13.744,13.72,13.669,13.739,13.804
62.137,0.315477707,13.625,13.705,13.709,13.848,13.69,13.839,13.599,13.645,13.61,13.724,13.68,13.694,13.81,13.798,13.814,13.816,13.72,13.606,13.776,13.629,13.691,13.701,13.665,13.661,13.735,13.671,13.8
62.391,0.319522293,13.602,13.731,13.749,13.672,13.706,13.743,13.556,13.66,13.642,13.615,13.591,13.668,13.635,13.746,13.785,13.803,13.716,13.623,13.639,13.71,13.649,13.726,13.605,13.671,13.631,13.727,13.736
62.645,0.323566879,13.673,13.711,13.758,13.524,13.626,13.573,13.563,13.623,13.612,13.698,13.602,13.735,13.643,13.694,13.752,13.741,13.609,13.642,13.658,13.631,13.669,13.616,13.529,13.678,13.65,13.679,13.724
62.899,0.327611465,13.645,13.618,13.586,13.477,13.596,13.559,13.47,13.668,13.721,13.705,13.641,13.631,13.685,13.696,13.635,13.706,13.59,13.56,13.703,13.541,13.585,13.563,13.57,13.67,13.663,13.613,13.668
63.153,0.331656051,13.573,13.575,13.481,13.486,13.57,13.689,13.537,13.638,13.668,13.675,13.712,13.68,13.58,13.603,13.537,13.657,13.652,13.609,13.754,13.521,13.567,13.598,13.616,13.708,13.61,13.513,13.671
63.407,0.335700637,13.433,13.515,13.45,13.46,13.651,13.687,13.573,13.503,13.529,13.534,13.666,13.679,13.63,13.479,13.465,13.59,13.611,13.585,13.588,13.575,13.593,13.595,13.579,13.593,13.624,13.392,13.66
63.661,0.339745223,13.375,13.512,13.432,13.589,13.667,13.555,13.591,13.623,13.511,13.479,13.581,13.544,13.622,13.555,13.592,13.615,13.637,13.54,13.591,13.769,13.744,13.635,13.603,13.467,13.631,13.525,13.68
63.915,0.343789809,13.483,13.485,13.481,13.714,13.62,13.515,13.532,13.531,13.328,13.501,13.625,13.513,13.619,13.577,13.721,13.654,13.61,13.529,13.636,13.645,13.616,13.725,13.584,13.44,13.649,13.524,13.548
64.169,0.347834395,13.57,13.433,13.546,13.646,13.536,13.583,13.392,13.503,13.442,13.55,13.574,13.647,13.568,13.534,13.57,13.58,13.518,13.574,13.661,13.502,13.485,13.669,13.459,13.399,13.539,13.54,13.405
64.423,0.351878981,13.506,13.491,13.56,13.493,13.53,13.405,13.366,13.528,13.407,13.503,13.591,13.633,13.604,13.429,13.403,13.528,13.552,13.422,13.631,13.398,13.413,13.564,13.533,13.344,13.479,13.536,13.45
64.677,0.355923567,13.489,13.623,13.572,13.406,13.511,13.376,13.391,13.45,13.392,13.481,13.655,13.636,13.587,13.37,13.483,13.541,13.507,13.486,13.521,13.414,13.467,13.535,13.465,13.488,13.489,13.411,13.466
64.931,0.359968153,13.529,13.557,13.408,13.426,13.505,13.38,13.301,13.442,13.388,13.49,13.599,13.62,13.595,13.373,13.514,13.498,13.456,13.5,13.524,13.49,13.488,13.51,13.435,13.556,13.455,13.456,13.45
65.185,0.364012739,13.447,13.418,13.384,13.44,13.367,13.425,13.4,13.396,13.366,13.462,13.496,13.537,13.612,13.474,13.488,13.487,13.366,13.382,13.562,13.513,13.442,13.522,13.608,13.507,13.454,13.413,13.498
65.439,0.368057325,13.403,13.269,13.387,13.376,13.35,13.465,13.483,13.401,13.375,13.424,13.437,13.461,13.544,13.404,13.56,13.506,13.327,13.365,13.418,13.497,13.409,13.433,13.593,13.391,13.476,13.295,13.541
65.693,0.372101911,13.361,13.281,13.328,13.326,13.399,13.278,13.39,13.454,13.302,13.296,13.459,13.465,13.485,13.415,13.485,13.388,13.396,13.317,13.264,13.47,13.429,13.481,13.419,13.268,13.501,13.391,13.567
65.947,0.376146497,13.348,13.323,13.382,13.373,13.342,13.333,13.296,13.403,13.328,13.238,13.428,13.403,13.455,13.405,13.445,13.285,13.51,13.335,13.317,13.375,13.427,13.494,13.342,13.238,13.508,13.36,13.538
66.201,0.380191083,13.487,13.339,13.428,13.377,13.43,13.4,13.215,13.498,13.366,13.353,13.517,13.45,13.457,13.334,13.407,13.406,13.508,13.361,13.493,13.304,13.464,13.483,13.371,13.329,13.349,13.409,13.418
66.455,0.384235669,13.425,13.325,13.5,13.247,13.401,13.361,13.297,13.476,13.293,13.32,13.551,13.398,13.431,13.389,13.246,13.468,13.357,13.389,13.49,13.36,13.438,13.478,13.33,13.467,13.313,13.56,13.255
66.709,0.388280255,13.35,13.246,13.443,13.204,13.243,13.24,13.346,13.347,13.3,13.392,13.42,13.343,13.323,13.33,13.266,13.416,13.289,13.295,13.471,13.441,13.325,13.466,13.303,13.391,13.383,13.476,13.32
66.963,0.392324841,13.316,13.224,13.325,13.257,13.205,13.052,13.281,13.207,13.243,13.38,13.29,13.304,13.313,13.308,13.357,13.393,13.321,13.222,13.43,13.385,13.277,13.398,13.357,13.248,13.318,13.339,13.367
67.217,0.396369427,13.336,13.252,13.386,13.284,13.145,13.132,13.238,13.164,13.258,13.312,13.274,13.322,13.233,13.302,13.309,13.298,13.38,13.296,13.353,13.296,13.265,13.283,13.432,13.375,13.381,13.269,13.365
67.471,0.400414013,13.243,13.265,13.328,13.294,13.188,13.178,13.233,13.133,13.278,13.345,13.293,13.346,13.207,13.226,13.286,13.35,13.258,13.356,13.309,13.228,13.191,13.249,13.376,13.378,13.233,13.337,13.229
67.725,0.404458599,13.114,13.3,13.244,13.319,13.321,13.197,13.314,13.238,13.232,13.284,13.235,13.301,13.212,13.283,13.29,13.423,13.27,13.276,13.312,13.227,13.138,13.258,13.263,13.308,13.236,13.34,13.232
67.979,0.408503185,13.18,13.242,13.187,13.24,13.209,13.12,13.314,13.245,13.171,13.209,13.314,13.345,13.145,13.211,13.247,13.391,13.285,13.202,13.196,13.223,13.144,13.198,13.194,13.285,13.316,13.251,13.311
68.233,0.412547771,13.239,13.137,13.095,13.208,13.15,13.113,13.257,13.243,13.153,13.267,13.269,13.338,13.187,13.26,13.31,13.312,13.258,13.179,13.219,13.269,13.153,13.258,13.118,13.245,13.239,13.134,13.325
68.487,0.416592357,13.113,13.094,13.082,13.171,13.11,13.084,13.274,13.215,13.263,13.18,13.238,13.282,13.26,13.225,13.196,13.31,13.264,13.261,13.24,13.262,13.206,13.222,13.18,13.214,13.242,13.143,13.18
68.741,0.420636943,13.092,13.172,13.128,13.188,13.205,13.157,13.184,13.074,13.207,13.21,13.209,13.329,13.199,13.283,13.072,13.296,13.239,13.235,13.138,13.191,13.21,13.16,13.111,13.269,13.237,13.284,13.154
68.995,0.424681529,13.138,13.229,13.169,13.299,13.179,13.137,13.22,13.093,13.111,13.176,13.241,13.221,13.127,13.245,13.071,13.257,13.167,13.132,13.139,13.208,13.157,13.217,13.127,13.243,13.14,13.256,13.23
69.249,0.428726115,13.206,13.178,13.136,13.383,13.094,13.15,13.222,13.161,13.132,13.136,13.308,13.247,13.151,13.189,13.139,13.166,13.154,13.222,13.153,13.258,13.215,13.102,13.209,13.211,13.153,13.148,13.274
69.503,0.432770701,13.232,13.134,13.227,13.303,13.208,13.187,13.033,13.16,13.182,13.194,13.212,13.307,13.197,13.162,13.259,13.2,13.064,13.224,13.206,13.257,13.214,13.116,13.116,13.108,13.225,13.133,13.314
69.757,0.436815287,13.15,13.177,13.211,13.241,13.232,13.166,13.052,13.108,13.105,13.17,13.238,13.241,13.211,13.233,13.32,13.247,13.039,13.19,13.205,13.315,13.172,13.232,13.169,13.072,13.237,13.105,13.286
70.011,0.440859873,13.056,13.187,13.19,13.228,13.166,13.028,13.198,13.056,13.045,13.174,13.153,13.202,13.152,13.142,13.156,13.248,13.038,13.157,13.3,13.292,13.145,13.202,13.2,13.137,13.184,13.07,13.257
70.265,0.444904459,13.082,13.21,13.06,13.172,13.103,12.971,13.172,13.091,13.047,13.188,13.132,13.086,13.099,13.027,13.107,13.34,13.004,13.23,13.144,13.15,13.172,13.075,13.08,13.089,13.112,13.043,13.2
70.519,0.448949045,13.017,13.16,13.018,13.029,13.119,12.945,13.134,13.049,13.091,13.189,13.089,13.036,13,13.069,13.219,13.176,12.961,13.181,13.056,13.037,13.034,13.096,12.958,13.023,13.087,13.038,13.073
70.773,0.452993631,13.114,13.045,12.925,13.052,13.086,13.055,13.116,13.11,13.153,13.141,13.029,13.029,13.031,13.08,13.177,13.061,12.87,13.151,13.084,13,12.971,13.166,13.041,12.945,13.115,12.969,12.971
71.027,0.457038217,13.123,13.084,12.891,13.068,13.101,13.138,13.078,13.079,13.073,13.128,13.043,13.061,13.093,13.129,13.157,12.96,12.895,13.132,13.11,13.032,13.033,13.08,13.12,12.986,13.132,12.93,12.97
71.281,0.461082803,13.078,13.098,13.108,13.065,13.123,13.073,13.064,13.042,13.144,13.131,13.083,13.098,13.037,13.217,13.165,13.048,13.012,13.137,13.121,13.087,13.101,13.144,13.183,13.127,13.045,13.023,13.069
71.535,0.465127389,13.119,13.074,13.187,13.145,13.074,13.079,13.198,13.045,13.031,13.046,13.101,13.072,13.079,13.116,13.158,13.051,13.045,13.126,13.158,13.133,13.082,13.061,13.21,13.15,13.054,12.978,13.064
71.789,0.469171975,13.087,13.029,13.177,13.072,13.011,13.078,13.155,12.929,13.016,13.091,13.044,13.149,13.113,13.075,13.148,13.078,12.937,13.05,13.142,13.099,13.042,12.946,13.109,13.175,12.918,13.086,13.022
72.043,0.473216561,13.118,12.972,13.062,13.047,12.938,12.993,13.015,13.019,12.947,13.129,13.126,13.083,13.117,13.086,13.168,13.103,12.849,13.091,12.995,12.987,13.081,13.013,12.967,13.071,12.903,13.041,12.907
72.297,0.477261146,13.087,12.969,13.024,12.996,13.028,12.87,13.011,12.983,12.974,12.98,13.089,12.995,13.217,12.999,13.213,12.979,12.883,13.063,13.049,12.957,13.042,13.055,12.936,13.022,12.983,12.919,12.992
72.551,0.481305732,13.052,12.96,12.96,12.942,13.034,12.83,13,13.011,12.957,12.872,13.055,12.989,13.12,12.966,13.183,13.02,12.972,13.064,13.029,12.936,12.976,13.043,12.958,13.033,13.006,12.943,13.081
72.805,0.485350318,13.034,12.973,12.866,13.024,12.973,12.886,13.019,13.028,12.943,12.99,13.039,13.071,12.942,13.083,13.033,12.956,12.994,13.01,12.976,12.962,13.05,13.073,12.939,13.063,13.04,12.998,13.042
73.059,0.489394904,12.984,12.933,12.828,12.979,13.016,12.951,13.12,12.927,12.965,12.954,13.064,13.125,12.904,13.077,12.935,12.942,12.982,12.893,12.953,12.999,13.021,13.073,13.041,13.021,12.884,12.901,12.986
73.313,0.49343949,12.971,12.969,12.703,12.885,12.934,12.991,13.101,12.927,12.968,12.955,13.021,13.087,12.94,13.071,12.99,13.026,12.912,12.93,12.935,12.987,13.075,13.072,13.024,12.95,12.785,12.847,12.924
73.567,0.497484076,12.945,12.978,12.738,12.914,13,13.087,12.992,12.938,13.048,12.999,13.053,13.042,12.956,13.05,13.063,12.919,12.949,12.998,12.953,13.082,13.056,12.948,13.011,12.95,12.86,12.928,12.826
73.821,0.501528662,12.973,12.893,12.93,12.991,13.044,13.057,12.95,13.024,12.946,13.053,13.019,12.994,12.827,12.916,13.036,12.895,13.038,12.913,12.984,13.097,13.024,12.913,12.974,12.903,12.927,12.947,12.75
74.075,0.505573248,12.962,13.03,12.973,12.941,12.92,12.866,12.917,13.03,12.833,12.957,12.877,12.915,12.848,12.781,12.975,12.737,12.964,12.849,12.99,12.95,12.967,12.956,12.828,12.87,12.992,12.789,12.799
74.329,0.509617834,12.889,12.965,12.885,12.935,12.861,12.962,12.918,12.93,12.832,12.881,12.952,12.977,12.942,12.846,12.976,12.806,12.894,12.971,13.062,12.972,12.889,12.971,12.894,12.99,12.942,12.842,12.875
74.583,0.51366242,12.916,12.882,13.008,12.93,12.94,13.001,12.858,13.014,12.856,12.843,12.937,13.016,12.93,12.883,12.998,12.901,12.943,13.014,13.048,13.079,12.976,12.861,12.934,12.854,12.935,12.914,12.986
74.837,0.517707006,13.001,12.909,13.008,12.87,12.973,12.874,12.803,12.962,12.891,12.919,12.966,13.004,12.996,12.795,12.977,12.923,13.1,12.911,12.917,13.024,12.877,12.888,12.953,12.909,12.984,12.999,13.052
75.091,0.521751592,12.97,12.776,12.923,12.916,12.914,12.763,12.82,12.93,12.884,12.876,12.925,12.981,12.973,12.875,12.992,12.844,12.916,12.882,12.837,12.795,12.844,12.845,12.829,12.947,12.927,12.873,13.019
75.345,0.525796178,12.772,12.69,12.805,12.869,12.92,12.773,12.902,12.867,12.892,12.92,12.788,12.949,12.937,12.905,12.847,12.776,12.782,12.868,12.828,12.692,12.885,12.858,12.792,12.897,12.964,12.763,12.847
75.599,0.529840764,12.731,12.714,12.767,12.794,12.843,12.878,12.864,12.832,12.854,12.887,12.815,12.925,12.912,12.844,12.831,12.853,12.803,12.822,12.817,12.767,12.758,12.977,12.899,12.853,12.978,12.733,12.85
75.853,0.53388535,12.723,12.953,12.708,12.734,12.766,12.889,12.846,13.013,12.868,12.867,12.844,12.902,12.831,12.837,12.902,12.971,12.874,12.901,12.897,12.881,12.704,13.039,13.024,12.881,12.947,12.809,12.891
76.107,0.537929936,12.831,13.067,12.744,12.773,12.813,12.832,12.805,12.96,12.853,12.939,12.864,12.897,12.819,12.838,12.83,12.968,12.859,12.831,12.968,12.857,12.807,13.012,12.929,12.871,12.939,12.912,12.831
76.361,0.541974522,12.914,12.968,12.757,12.787,12.959,12.833,12.837,12.819,12.827,12.901,12.81,12.898,12.814,12.899,12.89,12.889,12.75,12.907,12.939,12.886,12.86,13.028,12.707,12.847,12.909,12.963,12.772
76.615,0.546019108,12.879,12.811,12.779,12.831,12.906,12.828,12.847,12.654,12.851,12.912,12.83,12.824,12.79,12.88,12.878,12.783,12.775,12.873,12.843,12.75,12.756,12.93,12.725,12.801,12.911,12.879,12.821
76.869,0.550063694,12.745,12.875,12.804,12.928,12.95,12.805,12.902,12.7,12.837,12.82,12.866,12.75,12.874,12.903,12.881,12.837,12.817,12.688,12.772,12.744,12.789,12.939,12.661,12.771,12.845,12.757,12.802
77.123,0.55410828,12.679,12.958,12.829,12.871,12.921,12.767,12.865,12.751,12.709,12.717,12.853,12.881,12.943,12.733,12.776,12.958,12.8,12.703,12.75,12.703,12.838,12.975,12.658,12.769,12.783,12.713,12.733
77.377,0.558152866,12.768,12.874,12.718,12.795,12.885,12.853,12.761,12.825,12.648,12.69,12.729,12.952,12.958,12.707,12.805,12.927,12.692,12.76,12.768,12.658,12.856,12.87,12.678,12.74,12.714,12.692,12.738
77.631,0.562197452,12.766,12.806,12.605,12.848,12.757,12.711,12.825,12.826,12.675,12.855,12.733,12.841,12.732,12.749,12.8,12.852,12.643,12.59,12.728,12.718,12.773,12.889,12.627,12.795,12.707,12.69,12.74
77.885,0.566242038,12.696,12.783,12.558,12.777,12.646,12.631,12.818,12.84,12.746,12.858,12.704,12.767,12.731,12.697,12.729,12.71,12.803,12.665,12.708,12.748,12.743,12.804,12.65,12.826,12.865,12.756,12.858
78.139,0.570286624,12.635,12.757,12.671,12.714,12.672,12.73,12.791,12.75,12.689,12.77,12.629,12.701,12.766,12.704,12.714,12.635,12.739,12.767,12.706,12.777,12.722,12.709,12.614,12.752,12.771,12.807,12.851
78.393,0.57433121,12.685,12.805,12.661,12.7,12.686,12.786,12.781,12.71,12.733,12.688,12.723,12.646,12.735,12.767,12.773,12.727,12.832,12.648,12.706,12.751,12.7,12.745,12.644,12.656,12.713,12.739,12.776
78.647,0.578375796,12.647,12.788,12.621,12.632,12.592,12.604,12.579,12.721,12.637,12.63,12.726,12.569,12.836,12.681,12.864,12.813,12.81,12.667,12.695,12.762,12.726,12.643,12.616,12.562,12.642,12.819,12.795
78.901,0.582420382,12.656,12.797,12.698,12.53,12.521,12.657,12.612,12.686,12.641,12.702,12.747,12.652,12.803,12.674,12.78,12.854,12.705,12.629,12.702,12.771,12.629,12.679,12.544,12.663,12.648,12.615,12.811
79.155,0.586464968,12.701,12.625,12.715,12.656,12.554,12.674,12.572,12.668,12.567,12.675,12.806,12.612,12.776,12.638,12.617,12.837,12.696,12.639,12.755,12.721,12.583,12.678,12.503,12.787,12.66,12.616,12.734
79.409,0.590509554,12.677,12.62,12.63,12.681,12.61,12.615,12.586,12.67,12.45,12.64,12.732,12.544,12.741,12.66,12.729,12.725,12.649,12.587,12.729,12.59,12.727,12.657,12.552,12.62,12.668,12.758,12.648
79.663,0.59455414,12.569,12.624,12.493,12.721,12.67,12.613,12.608,12.572,12.552,12.628,12.588,12.614,12.634,12.566,12.672,12.574,12.583,12.451,12.825,12.542,12.6,12.634,12.644,12.563,12.7,12.686,12.627
79.917,0.598598726,12.544,12.632,12.494,12.619,12.711,12.605,12.665,12.528,12.633,12.717,12.584,12.666,12.663,12.561,12.61,12.619,12.612,12.513,12.728,12.568,12.469,12.574,12.685,12.692,12.735,12.653,12.639
80.171,0.602643312,12.448,12.61,12.549,12.518,12.712,12.583,12.701,12.594,12.575,12.665,12.576,12.613,12.594,12.564,12.63,12.668,12.595,12.498,12.665,12.595,12.445,12.546,12.634,12.782,12.64,12.517,12.666
80.425,0.606687898,12.454,12.519,12.588,12.517,12.603,12.53,12.646,12.582,12.543,12.565,12.647,12.58,12.534,12.542,12.618,12.745,12.541,12.551,12.673,12.522,12.387,12.533,12.658,12.772,12.538,12.666,12.575
80.679,0.610732484,12.544,12.653,12.55,12.57,12.56,12.553,12.632,12.542,12.519,12.563,12.584,12.612,12.596,12.452,12.626,12.701,12.599,12.595,12.639,12.491,12.389,12.524,12.607,12.603,12.502,12.625,12.592
80.933,0.61477707,12.449,12.702,12.504,12.722,12.601,12.55,12.545,12.586,12.555,12.507,12.644,12.553,12.617,12.456,12.628,12.69,12.503,12.512,12.615,12.585,12.436,12.593,12.542,12.441,12.51,12.513,12.505
81.187,0.618821656,12.358,12.599,12.431,12.587,12.53,12.54,12.412,12.618,12.46,12.512,12.669,12.552,12.51,12.407,12.607,12.729,12.379,12.541,12.588,12.522,12.524,12.531,12.524,12.313,12.49,12.476,12.555
81.441,0.622866242,12.447,12.584,12.397,12.476,12.421,12.513,12.334,12.5,12.505,12.596,12.445,12.617,12.476,12.463,12.589,12.629,12.391,12.602,12.466,12.366,12.551,12.538,12.544,12.47,12.451,12.537,12.483
81.695,0.626910828,12.47,12.499,12.554,12.506,12.404,12.456,12.366,12.481,12.55,12.54,12.462,12.659,12.316,12.548,12.551,12.469,12.425,12.591,12.474,12.418,12.611,12.578,12.51,12.548,12.494,12.646,12.519
81.949,0.630955414,12.53,12.599,12.573,12.505,12.387,12.454,12.42,12.469,12.512,12.555,12.512,12.58,12.406,12.505,12.553,12.428,12.402,12.471,12.501,12.529,12.485,12.547,12.459,12.554,12.523,12.548,12.445
82.203,0.635,12.452,12.637,12.453,12.487,12.303,12.418,12.361,12.426,12.405,12.489,12.539,12.441,12.478,12.503,12.604,12.481,12.325,12.329,12.434,12.473,12.439,12.478,12.344,12.492,12.417,12.479,12.447
82.457,0.639044586,12.394,12.511,12.394,12.321,12.362,12.391,12.412,12.37,12.358,12.435,12.5,12.435,12.51,12.539,12.466,12.482,12.442,12.31,12.378,12.437,12.428,12.341,12.375,12.331,12.37,12.497,12.559
82.711,0.643089172,12.281,12.391,12.373,12.253,12.42,12.287,12.43,12.337,12.313,12.451,12.424,12.4,12.437,12.404,12.432,12.386,12.429,12.371,12.409,12.367,12.379,12.363,12.447,12.338,12.397,12.377,12.421
82.965,0.647133758,12.332,12.309,12.361,12.285,12.412,12.293,12.316,12.358,12.356,12.308,12.432,12.447,12.318,12.357,12.411,12.362,12.354,12.415,12.449,12.338,12.457,12.416,12.553,12.513,12.389,12.502,12.338
83.219,0.651178344,12.419,12.377,12.392,12.351,12.317,12.301,12.294,12.287,12.272,12.334,12.322,12.484,12.344,12.351,12.454,12.303,12.311,12.461,12.429,12.318,12.479,12.454,12.537,12.445,12.442,12.473,12.409
83.473,0.65522293,12.448,12.435,12.266,12.307,12.266,12.282,12.247,12.227,12.199,12.404,12.368,12.54,12.38,12.258,12.597,12.286,12.3,12.357,12.364,12.273,12.395,12.436,12.376,12.211,12.289,12.387,12.272
83.727,0.659267516,12.462,12.385,12.209,12.345,12.255,12.265,12.346,12.111,12.263,12.468,12.39,12.536,12.402,12.389,12.594,12.186,12.29,12.27,12.431,12.248,12.326,12.32,12.342,12.173,12.179,12.37,12.153
83.981,0.663312102,12.459,12.375,12.261,12.336,12.186,12.234,12.385,12.232,12.251,12.366,12.344,12.373,12.308,12.304,12.396,12.173,12.307,12.269,12.417,12.235,12.339,12.337,12.315,12.2,12.278,12.298,12.267
84.235,0.667356688,12.298,12.326,12.281,12.201,12.214,12.3,12.271,12.277,12.198,12.309,12.347,12.376,12.277,12.271,12.299,12.164,12.194,12.274,12.355,12.215,12.339,12.398,12.258,12.181,12.275,12.256,12.284
84.489,0.671401274,12.191,12.307,12.368,12.237,12.259,12.238,12.176,12.225,12.148,12.166,12.336,12.304,12.317,12.261,12.353,12.276,12.136,12.226,12.353,12.159,12.34,12.366,12.299,12.252,12.249,12.213,12.353
84.743,0.67544586,12.066,12.252,12.365,12.247,12.267,12.207,12.133,12.157,12.186,12.108,12.43,12.254,12.268,12.125,12.31,12.302,12.148,12.206,12.255,12.123,12.233,12.378,12.274,12.272,12.349,12.222,12.32
84.997,0.679490446,12.118,12.25,12.262,12.145,12.151,12.113,12.203,12.226,12.219,12.13,12.262,12.253,12.344,12.119,12.182,12.272,12.096,12.267,12.267,12.1,12.099,12.286,12.144,12.191,12.209,12.086,12.189
85.251,0.683535032,12.143,12.194,12.21,12.13,12.068,12.088,12.254,12.237,12.258,12.131,12.22,12.25,12.308,12.115,12.091,12.261,12.032,12.312,12.176,12.116,12.038,12.134,12.125,12.098,12.1,12.029,12.099
85.505,0.687579618,12.152,12.1,12.255,12.109,12.064,12.174,12.225,12.229,12.224,12.093,12.198,12.208,12.121,12.207,12.156,12.28,12.222,12.294,12.191,12.107,12.09,12.164,12.241,12.141,12.242,12.026,12.208
85.759,0.691624204,12.03,12.154,12.251,12.048,12.154,12.08,12.077,12.091,12.122,12.058,12.209,12.087,12.178,12.164,12.196,12.14,12.22,12.245,12.267,12.094,12.094,12.221,12.225,12.207,12.36,12.031,12.209
86.013,0.69566879,12.06,12.216,12.175,12.085,12.183,12.049,12.007,12.007,12.058,12.127,12.187,12.115,12.248,12.103,12.206,12.119,12.016,12.055,12.195,12.027,12.077,12.084,12.097,12.094,12.245,12.036,12.091
86.267,0.699713376,12.138,12.101,12.029,12.13,12.089,12.032,11.982,12.017,12.096,12.247,12.141,12.154,12.219,12.145,12.233,12.049,12.002,11.938,12.092,11.981,12.037,12.025,11.972,12.053,12.059,11.929,12.008
86.521,0.703757962,12.166,12.004,12.036,12.057,12.021,12.039,11.965,12.042,12.171,12.183,12.077,12.196,12.113,12.127,12.108,12.134,11.957,11.995,12.111,11.999,12.079,12.121,12,12.131,12.121,11.958,12.024
86.775,0.707802548,12.147,12.052,12.022,12.104,12.058,11.972,12.041,12.133,12.024,12.192,12.157,12.145,11.995,12.112,12.019,12.163,12.004,12.037,12.105,11.95,12.049,12.21,12.069,11.94,12.17,12.03,12.142
87.029,0.711847134,12.032,12.084,11.986,12.124,12.032,11.882,12.062,12.059,11.986,12.175,12.137,11.996,11.957,12.142,12,12.158,12.033,12.086,11.99,11.976,11.942,12.133,12.058,11.982,12.158,11.983,12.15
87.283,0.71589172,11.927,12.025,11.971,12.023,11.932,11.99,12.062,12.065,12.046,11.964,11.967,12.089,11.967,11.931,11.977,12.035,11.972,12.153,12.037,12.052,11.894,12.014,12.108,12.067,12.139,12.019,12.089
87.537,0.719936306,11.841,11.912,12.005,11.949,11.968,11.981,12.043,12.06,11.986,11.944,12.005,12.144,11.961,11.846,12.103,12.042,12.086,12.094,12.1,12.132,11.945,12.005,12.033,12.001,12.125,11.965,12.057
87.791,0.723980892,11.889,12.007,12.043,11.956,12.002,11.935,12.018,12.065,11.981,11.917,12.021,12.055,11.937,11.908,12.027,12.086,12.078,12.057,12.094,12.057,11.878,11.934,11.946,12.035,12.019,11.905,12.087
88.045,0.728025478,12.051,12.081,11.983,11.948,11.925,11.953,12.013,11.991,11.919,11.899,12.1,11.937,11.948,11.812,11.998,12.105,11.963,12.001,12.095,12.047,11.87,11.953,11.95,12.107,11.989,11.983,12.059
88.299,0.732070064,12.045,12.007,11.958,11.972,11.892,11.919,11.998,11.941,11.776,11.966,12.031,11.944,12.083,11.799,11.995,12.008,11.92,12.049,12.089,11.989,11.961,12.095,11.891,12.009,12.015,12.015,11.983
88.553,0.73611465,11.907,12.022,11.965,12.002,11.967,11.809,11.893,11.952,11.838,11.923,12,11.873,11.997,11.954,12.034,11.987,11.953,12.127,12.035,11.971,11.897,12.055,11.943,11.857,12.064,12.009,11.881
88.807,0.740159236,11.812,11.996,11.944,11.962,12.041,11.822,11.866,11.914,11.885,11.897,11.979,11.925,11.817,11.923,11.996,12.016,11.934,12.087,12.069,11.938,12.012,11.959,11.89,11.901,12.021,12.104,11.948
89.061,0.744203822,11.972,12.068,11.866,12.033,12.019,11.952,11.918,11.875,11.841,11.969,11.88,11.938,11.823,11.965,12.013,11.993,11.862,11.991,12.104,11.829,12.057,12.015,11.894,11.971,11.863,11.919,11.981
89.315,0.748248408,11.974,11.978,11.781,12.047,11.921,11.93,11.928,11.844,11.835,11.891,11.896,11.9,11.872,11.979,11.983,11.929,11.851,11.858,12.109,11.824,12.004,11.979,11.875,11.973,11.865,11.864,12.036
89.569,0.752292994,11.767,11.806,11.817,12.032,11.821,11.856,11.961,11.796,11.884,11.835,11.859,12.018,11.973,11.972,12.006,11.912,11.751,11.932,12.018,11.898,11.925,11.831,11.82,11.921,11.937,11.826,12.006
89.823,0.75633758,11.714,11.86,11.891,11.925,11.824,11.802,11.92,11.874,11.904,11.773,11.944,12.022,11.931,11.896,12.019,11.965,11.899,11.994,11.901,11.91,11.827,11.834,11.854,11.887,11.885,11.926,11.896
90.077,0.760382166,11.753,11.873,11.969,11.815,11.768,11.752,11.843,11.913,11.904,11.707,11.972,11.99,11.892,11.913,11.839,11.973,11.957,11.993,11.909,11.917,11.823,11.884,11.93,11.923,11.842,11.919,11.881
90.331,0.764426752,11.829,11.772,11.976,11.728,11.716,11.74,11.799,11.823,11.855,11.793,11.993,11.983,11.911,11.813,11.846,11.927,11.813,11.982,11.9,11.81,11.848,11.854,11.785,11.791,11.814,11.76,11.908
90.585,0.768471338,11.781,11.839,11.894,11.675,11.83,11.746,11.807,11.72,11.813,11.817,12.025,11.947,11.906,11.862,11.981,11.935,11.794,11.963,11.952,11.741,11.655,11.854,11.752,11.786,11.756,11.756,11.817
90.839,0.772515924,11.749,11.842,11.87,11.757,11.87,11.764,11.759,11.662,11.709,11.884,11.96,11.857,11.853,11.841,12,11.995,11.854,11.898,11.945,11.8,11.625,11.905,11.873,11.802,11.78,11.724,11.824
91.093,0.77656051,11.769,11.843,11.855,11.823,11.79,11.717,11.777,11.668,11.65,11.817,11.855,11.738,11.828,11.76,11.853,11.878,11.884,11.761,11.793,11.867,11.66,11.893,11.826,11.762,11.836,11.781,11.789
91.347,0.780605096,11.732,11.789,11.688,11.793,11.78,11.739,11.724,11.678,11.741,11.737,11.732,11.806,11.768,11.815,11.77,11.837,11.775,11.797,11.775,11.832,11.741,11.784,11.713,11.774,11.866,11.846,11.763
91.601,0.784649682,11.718,11.762,11.585,11.8,11.709,11.805,11.742,11.711,11.808,11.772,11.793,11.739,11.725,11.826,11.733,11.827,11.734,11.88,11.781,11.852,11.644,11.693,11.747,11.786,11.805,11.727,11.699
91.855,0.788694268,11.64,11.812,11.699,11.725,11.683,11.823,11.752,11.702,11.728,11.722,11.826,11.769,11.622,11.804,11.69,11.784,11.742,11.806,11.69,11.808,11.654,11.599,11.703,11.793,11.788,11.68,11.565
92.109,0.792738854,11.555,11.715,11.779,11.67,11.795,11.667,11.657,11.773,11.732,11.699,11.808,11.787,11.607,11.738,11.735,11.779,11.697,11.691,11.657,11.71,11.722,11.646,11.607,11.781,11.734,11.72,11.618
92.363,0.796783439,11.571,11.672,11.713,11.769,11.767,11.67,11.706,11.782,11.659,11.785,11.685,11.736,11.693,11.659,11.759,11.719,11.605,11.577,11.637,11.642,11.556,11.698,11.747,11.719,11.666,11.76,11.646
92.617,0.800828025,11.488,11.676,11.531,11.702,11.743,11.664,11.821,11.711,11.631,11.793,11.609,11.783,11.728,11.711,11.758,11.786,11.632,11.689,11.55,11.508,11.578,11.654,11.732,11.528,11.758,11.657,11.623
92.871,0.804872611,11.57,11.601,11.438,11.59,11.671,11.497,11.688,11.57,11.68,11.716,11.574,11.692,11.688,11.663,11.736,11.703,11.59,11.692,11.586,11.479,11.62,11.575,11.62,11.503,11.719,11.555,11.639
93.125,0.808917197,11.688,11.695,11.541,11.621,11.551,11.498,11.724,11.547,11.621,11.7,11.635,11.81,11.623,11.744,11.666,11.661,11.59,11.58,11.66,11.587,11.739,11.585,11.65,11.616,11.646,11.671,11.564
93.379,0.812961783,11.758,11.684,11.599,11.585,11.439,11.586,11.735,11.587,11.575,11.652,11.6,11.772,11.584,11.811,11.594,11.654,11.67,11.592,11.609,11.65,11.781,11.76,11.612,11.651,11.637,11.737,11.54
93.633,0.817006369,11.687,11.64,11.628,11.574,11.539,11.57,11.601,11.493,11.581,11.55,11.616,11.614,11.539,11.607,11.663,11.617,11.678,11.64,11.564,11.671,11.673,11.747,11.628,11.637,11.663,11.669,11.657
93.887,0.821050955,11.525,11.524,11.457,11.461,11.58,11.445,11.572,11.487,11.575,11.493,11.608,11.643,11.636,11.587,11.653,11.511,11.55,11.611,11.616,11.627,11.543,11.55,11.591,11.562,11.619,11.604,11.742
94.141,0.825095541,11.451,11.486,11.463,11.412,11.543,11.515,11.558,11.528,11.551,11.469,11.605,11.596,11.727,11.526,11.702,11.481,11.471,11.576,11.644,11.505,11.537,11.58,11.623,11.543,11.52,11.622,11.569
94.395,0.829140127,11.461,11.492,11.521,11.409,11.399,11.487,11.632,11.568,11.553,11.468,11.591,11.6,11.675,11.531,11.624,11.494,11.353,11.59,11.567,11.466,11.562,11.6,11.608,11.586,11.398,11.575,11.462
94.649,0.833184713,11.473,11.531,11.547,11.451,11.415,11.445,11.563,11.54,11.55,11.509,11.667,11.725,11.61,11.542,11.468,11.452,11.355,11.602,11.568,11.615,11.712,11.577,11.574,11.597,11.4,11.501,11.498
94.903,0.837229299,11.448,11.625,11.622,11.5,11.47,11.496,11.475,11.467,11.444,11.62,11.543,11.696,11.495,11.558,11.544,11.495,11.367,11.501,11.545,11.655,11.605,11.571,11.578,11.547,11.514,11.589,11.488
95.157,0.841273885,11.45,11.587,11.559,11.395,11.438,11.472,11.428,11.407,11.393,11.619,11.402,11.658,11.524,11.589,11.627,11.422,11.385,11.468,11.52,11.346,11.423,11.59,11.604,11.646,11.547,11.626,11.53
95.411,0.845318471,11.401,11.433,11.526,11.354,11.423,11.384,11.464,11.267,11.473,11.469,11.54,11.536,11.612,11.574,11.624,11.444,11.388,11.473,11.565,11.366,11.498,11.518,11.54,11.659,11.498,11.535,11.469
95.665,0.849363057,11.401,11.51,11.493,11.359,11.538,11.378,11.431,11.317,11.453,11.471,11.563,11.39,11.605,11.405,11.535,11.514,11.302,11.523,11.513,11.48,11.53,11.487,11.44,11.562,11.528,11.543,11.417
95.919,0.853407643,11.44,11.459,11.52,11.407,11.569,11.39,11.355,11.362,11.397,11.507,11.561,11.416,11.469,11.323,11.492,11.463,11.318,11.541,11.546,11.37,11.497,11.492,11.471,11.403,11.428,11.474,11.435
96.173,0.857452229,11.386,11.311,11.531,11.382,11.534,11.349,11.303,11.341,11.441,11.467,11.528,11.422,11.502,11.4,11.47,11.473,11.353,11.539,11.52,11.375,11.533,11.558,11.462,11.354,11.455,11.44,11.41
96.427,0.861496815,11.329,11.285,11.408,11.279,11.567,11.333,11.299,11.306,11.344,11.408,11.419,11.386,11.489,11.396,11.438,11.479,11.238,11.455,11.459,11.327,11.58,11.414,11.45,11.344,11.517,11.357,11.463
96.681,0.865541401,11.37,11.359,11.249,11.264,11.414,11.309,11.282,11.366,11.196,11.362,11.408,11.392,11.436,11.371,11.447,11.491,11.29,11.41,11.44,11.239,11.444,11.355,11.391,11.36,11.502,11.339,11.518
96.935,0.869585987,11.327,11.391,11.337,11.264,11.286,11.264,11.229,11.384,11.213,11.263,11.368,11.414,11.425,11.401,11.383,11.465,11.306,11.418,11.456,11.303,11.342,11.446,11.381,11.403,11.523,11.332,11.383
97.189,0.873630573,11.345,11.366,11.351,11.337,11.397,11.191,11.242,11.372,11.249,11.311,11.356,11.34,11.358,11.455,11.328,11.416,11.47,11.514,11.497,11.338,11.388,11.531,11.456,11.548,11.549,11.456,11.335
97.443,0.877675159,11.37,11.227,11.282,11.397,11.406,11.212,11.295,11.319,11.371,11.327,11.352,11.303,11.301,11.401,11.308,11.363,11.48,11.366,11.482,11.43,11.403,11.53,11.397,11.502,11.373,11.409,11.424
97.697,0.881719745,11.313,11.275,11.242,11.278,11.434,11.272,11.31,11.337,11.348,11.289,11.343,11.349,11.332,11.325,11.305,11.329,11.378,11.402,11.418,11.41,11.356,11.403,11.367,11.351,11.282,11.344,11.344
97.951,0.885764331,11.315,11.353,11.207,11.308,11.419,11.3,11.285,11.267,11.326,11.233,11.289,11.303,11.331,11.255,11.412,11.342,11.372,11.399,11.377,11.409,11.404,11.37,11.401,11.383,11.266,11.276,11.229
98.205,0.889808917,11.339,11.306,11.231,11.355,11.275,11.296,11.264,11.326,11.332,11.338,11.343,11.284,11.41,11.206,11.402,11.354,11.377,11.267,11.301,11.385,11.438,11.275,11.378,11.414,11.339,11.169,11.289
98.459,0.893853503,11.279,11.288,11.252,11.257,11.251,11.256,11.261,11.35,11.373,11.203,11.33,11.357,11.41,11.213,11.335,11.32,11.271,11.225,11.156,11.318,11.385,11.204,11.355,11.301,11.318,11.333,11.267
98.713,0.897898089,11.341,11.231,11.253,11.26,11.267,11.236,11.251,11.352,11.361,11.239,11.438,11.21,11.405,11.221,11.265,11.272,11.22,11.323,11.256,11.266,11.259,11.333,11.37,11.229,11.285,11.372,11.318
98.967,0.901942675,11.307,11.217,11.244,11.326,11.232,11.189,11.289,11.274,11.225,11.269,11.432,11.174,11.307,11.241,11.281,11.225,11.178,11.281,11.381,11.247,11.215,11.353,11.281,11.254,11.308,11.243,11.278
99.221,0.905987261,11.293,11.094,11.285,11.314,11.242,11.135,11.343,11.205,11.216,11.193,11.409,11.15,11.324,11.149,11.333,11.362,11.172,11.269,11.321,11.1,11.274,11.204,11.148,11.208,11.277,11.174,11.183
99.475,0.910031847,11.212,11.163,11.176,11.112,11.243,11.07,11.251,11.207,11.301,11.212,11.314,11.155,11.288,11.062,11.443,11.353,11.162,11.205,11.338,11.137,11.302,11.216,11.159,11.12,11.277,11.152,11.079
99.729,0.914076433,11.166,11.261,11.186,11.106,11.183,11.099,11.171,11.171,11.206,11.241,11.238,11.189,11.201,11.13,11.386,11.229,11.075,11.248,11.223,11.19,11.203,11.222,11.272,11.114,11.251,11.222,11.112
99.983,0.918121019,11.117,11.285,11.181,11.215,11.174,11.116,11.114,11.15,11.117,11.26,11.149,11.142,11.164,11.208,11.229,11.126,11.07,11.198,11.207,11.226,11.119,11.184,11.247,11.191,11.192,11.173,11.243
100.237,0.922165605,11.19,11.207,11.317,11.195,11.152,11.129,11.15,11.178,11.226,11.199,11.265,11.17,11.156,11.182,11.169,11.078,11.183,11.158,11.217,11.104,11.118,11.155,11.248,11.179,11.247,11.168,11.267
100.491,0.926210191,11.128,11.171,11.337,11.066,11.071,11.224,11.175,11.22,11.337,11.162,11.329,11.183,11.204,11.194,11.167,11.182,11.112,11.208,11.188,11.123,11.155,11.138,11.214,11.094,11.219,11.184,11.194
100.745,0.930254777,10.987,11.142,11.224,11.108,11.206,11.175,11.173,11.2,11.144,11.252,11.164,11.141,11.155,11.171,11.197,11.256,11.06,11.221,11.216,11.142,11.09,11.147,11.167,11.026,11.15,11.171,11.204
100.999,0.934299363,11.022,11.145,11.1,11.141,11.227,11.19,11.185,11.108,10.958,11.23,11.067,11.183,10.994,11.16,11.317,11.22,10.903,11.157,11.282,11.152,11.175,11.024,11.174,11.073,11.072,11.126,11.194
101.253,0.938343949,11.028,11.185,11.077,11.138,11.198,11.2,11.18,11.096,11.015,11.142,11.078,11.184,11.021,11.171,11.307,11.139,10.945,11.094,11.301,11.15,11.192,11.084,11.199,11.169,11.122,11.098,11.187
101.507,0.942388535,11.386,11.504,11.356,11.468,11.508,11.404,11.423,11.493,11.462,11.418,11.477,11.545,11.329,11.473,11.439,11.442,11.465,11.391,11.547,11.462,11.493,11.423,11.441,11.497,11.428,11.32,11.451
101.761,0.946433121,12.191,12.271,12.072,12.268,12.242,12.163,12.145,12.157,12.285,12.275,12.19,12.427,12.061,12.244,12.17,12.214,12.255,12.117,12.272,12.223,12.19,12.219,12.262,12.259,12.205,12.084,12.196
102.015,0.950477707,13.048,13.194,13.086,13.112,13.177,13.062,13.127,13.014,13.182,13.137,13.123,13.338,12.954,13.015,13.191,13.174,13.159,13.019,13.248,13.136,12.996,13.131,13.2,13.177,13.041,13.186,13.202
102.269,0.954522293,14.061,14.195,14.201,14.128,14.179,14.116,14.213,14.062,14.177,14.11,14.185,14.235,14.06,14.141,14.307,14.177,14.142,14.232,14.271,14.224,14.189,14.098,14.288,14.179,14.165,14.323,14.365
102.523,0.958566879,14.789,14.848,14.927,14.899,14.967,14.905,14.909,14.832,14.893,14.898,14.902,14.945,14.894,14.969,15.048,14.913,14.838,15.016,14.989,15.038,15.004,14.897,15.066,15.046,15.024,15.032,15.041
102.777,0.962611465,15.087,15.203,15.133,15.23,15.197,15.238,15.071,15.153,15.178,15.218,15.131,15.142,15.116,15.248,15.296,15.233,15.137,15.213,15.233,15.232,15.328,15.228,15.2,15.288,15.258,15.305,15.197
103.031,0.966656051,15.32,15.707,15.495,15.478,15.323,15.184,15.174,15.205,15.302,15.384,15.432,15.399,15.328,15.429,15.656,15.579,15.582,15.709,15.572,15.604,15.597,15.531,15.489,15.48,15.477,15.322,15.423
103.285,0.970700637,15.966,16.33,16.23,16.121,15.788,15.412,15.425,15.483,15.562,15.856,16.157,15.995,16.117,16.298,16.45,16.562,16.404,16.611,16.381,16.555,16.388,16.201,16.28,16.165,16.13,15.92,15.995
103.539,0.974745223,16.11,16.484,16.494,16.36,16.054,15.589,15.524,15.532,15.685,16.159,16.481,16.423,16.439,16.689,16.792,16.96,16.727,16.819,16.707,16.923,16.929,16.58,16.568,16.596,16.485,16.332,16.275
103.793,0.978789809,15.904,16.213,16.442,16.345,16.168,15.591,15.563,15.455,15.632,16.153,16.463,16.513,16.184,16.428,16.586,16.803,16.514,16.682,16.596,16.76,16.842,16.499,16.435,16.538,16.494,16.183,16.123
104.047,0.982834395,15.919,16.115,16.39,16.443,16.312,15.752,15.677,15.596,15.742,16.106,16.497,16.523,16.081,16.366,16.423,16.697,16.421,16.722,16.666,16.783,16.714,16.538,16.445,16.485,16.324,16.056,16.114